test_idx,model,use_cot
0,accounts/fireworks/models/llama-v3p1-405b-instruct,True
1,accounts/fireworks/models/llama-v3p1-405b-instruct,True
2,accounts/fireworks/models/llama-v3p1-405b-instruct,True
3,accounts/fireworks/models/llama-v3p1-405b-instruct,True
4,accounts/fireworks/models/llama-v3p1-405b-instruct,True
5,accounts/fireworks/models/llama-v3p1-405b-instruct,True
6,accounts/fireworks/models/llama-v3p1-405b-instruct,True
7,accounts/fireworks/models/llama-v3p1-405b-instruct,True
8,gpt-4o-2024-08-06,True
9,accounts/fireworks/models/llama-v3p1-405b-instruct,True
10,gpt-4o-2024-08-06,True
11,accounts/fireworks/models/llama-v3p1-405b-instruct,True
12,accounts/fireworks/models/llama-v3p1-405b-instruct,True
13,accounts/fireworks/models/llama-v3p1-405b-instruct,True
14,accounts/fireworks/models/llama-v3p1-405b-instruct,True
15,accounts/fireworks/models/llama-v3p1-405b-instruct,True
16,accounts/fireworks/models/llama-v3p1-405b-instruct,True
17,accounts/fireworks/models/llama-v3p1-405b-instruct,True
18,accounts/fireworks/models/llama-v3p1-405b-instruct,True
19,accounts/fireworks/models/llama-v3p1-405b-instruct,True
20,accounts/fireworks/models/llama-v3p1-405b-instruct,True
21,accounts/fireworks/models/llama-v3p1-405b-instruct,True
22,accounts/fireworks/models/llama-v3p1-405b-instruct,True
23,accounts/fireworks/models/llama-v3p1-405b-instruct,True
24,accounts/fireworks/models/llama-v3p1-405b-instruct,True
25,accounts/fireworks/models/llama-v3p1-405b-instruct,True
26,accounts/fireworks/models/llama-v3p1-405b-instruct,True
27,gpt-4o-2024-08-06,True
28,accounts/fireworks/models/llama-v3p1-405b-instruct,True
29,accounts/fireworks/models/llama-v3p1-405b-instruct,True
30,accounts/fireworks/models/llama-v3p1-405b-instruct,True
31,accounts/fireworks/models/llama-v3p1-405b-instruct,True
32,accounts/fireworks/models/llama-v3p1-405b-instruct,True
33,accounts/fireworks/models/llama-v3p1-405b-instruct,True
34,accounts/fireworks/models/llama-v3p1-405b-instruct,True
35,accounts/fireworks/models/llama-v3p1-405b-instruct,True
36,accounts/fireworks/models/llama-v3p1-405b-instruct,True
37,accounts/fireworks/models/llama-v3p1-405b-instruct,True
38,accounts/fireworks/models/llama-v3p1-405b-instruct,True
39,accounts/fireworks/models/llama-v3p1-405b-instruct,True
40,gpt-4o-2024-08-06,True
41,accounts/fireworks/models/llama-v3p1-405b-instruct,True
42,accounts/fireworks/models/llama-v3p1-405b-instruct,True
43,accounts/fireworks/models/llama-v3p1-405b-instruct,True
44,gpt-4o-2024-08-06,True
45,accounts/fireworks/models/llama-v3p1-405b-instruct,True
46,accounts/fireworks/models/llama-v3p1-405b-instruct,True
47,accounts/fireworks/models/llama-v3p1-405b-instruct,True
48,gpt-4o-2024-08-06,True
49,accounts/fireworks/models/llama-v3p1-405b-instruct,True
50,accounts/fireworks/models/llama-v3p1-405b-instruct,True
51,accounts/fireworks/models/llama-v3p1-405b-instruct,True
52,accounts/fireworks/models/llama-v3p1-405b-instruct,True
53,accounts/fireworks/models/llama-v3p1-405b-instruct,True
54,accounts/fireworks/models/llama-v3p1-405b-instruct,True
55,accounts/fireworks/models/llama-v3p1-405b-instruct,True
56,accounts/fireworks/models/llama-v3p1-405b-instruct,True
57,accounts/fireworks/models/llama-v3p1-405b-instruct,True
58,accounts/fireworks/models/llama-v3p1-405b-instruct,True
59,accounts/fireworks/models/llama-v3p1-405b-instruct,True
60,accounts/fireworks/models/llama-v3p1-405b-instruct,True
61,accounts/fireworks/models/llama-v3p1-405b-instruct,True
62,gpt-4o-2024-08-06,True
63,accounts/fireworks/models/llama-v3p1-405b-instruct,True
64,accounts/fireworks/models/llama-v3p1-405b-instruct,True
65,accounts/fireworks/models/llama-v3p1-405b-instruct,True
66,accounts/fireworks/models/llama-v3p1-405b-instruct,True
67,accounts/fireworks/models/llama-v3p1-405b-instruct,True
68,accounts/fireworks/models/llama-v3p1-405b-instruct,True
69,accounts/fireworks/models/llama-v3p1-405b-instruct,True
70,accounts/fireworks/models/llama-v3p1-405b-instruct,True
71,accounts/fireworks/models/llama-v3p1-405b-instruct,True
72,accounts/fireworks/models/llama-v3p1-405b-instruct,True
73,accounts/fireworks/models/llama-v3p1-405b-instruct,True
74,accounts/fireworks/models/llama-v3p1-405b-instruct,True
75,accounts/fireworks/models/llama-v3p1-405b-instruct,True
76,gpt-4o-2024-08-06,True
77,accounts/fireworks/models/llama-v3p1-405b-instruct,True
78,accounts/fireworks/models/llama-v3p1-405b-instruct,True
79,accounts/fireworks/models/llama-v3p1-405b-instruct,True
80,accounts/fireworks/models/llama-v3p1-405b-instruct,True
81,accounts/fireworks/models/llama-v3p1-405b-instruct,True
82,accounts/fireworks/models/llama-v3p1-405b-instruct,True
83,accounts/fireworks/models/llama-v3p1-405b-instruct,True
84,gpt-4o-2024-08-06,True
85,accounts/fireworks/models/llama-v3p1-405b-instruct,True
86,gpt-4o-2024-08-06,True
87,accounts/fireworks/models/llama-v3p1-405b-instruct,True
88,accounts/fireworks/models/llama-v3p1-405b-instruct,True
89,gpt-4o-2024-08-06,True
90,accounts/fireworks/models/llama-v3p1-405b-instruct,True
91,accounts/fireworks/models/llama-v3p1-405b-instruct,True
92,accounts/fireworks/models/llama-v3p1-405b-instruct,True
93,accounts/fireworks/models/llama-v3p1-405b-instruct,True
94,accounts/fireworks/models/llama-v3p1-405b-instruct,True
95,accounts/fireworks/models/llama-v3p1-405b-instruct,True
96,accounts/fireworks/models/llama-v3p1-405b-instruct,True
97,accounts/fireworks/models/llama-v3p1-405b-instruct,True
98,accounts/fireworks/models/llama-v3p1-405b-instruct,True
99,gpt-4o-2024-08-06,True
100,accounts/fireworks/models/llama-v3p1-405b-instruct,True
101,accounts/fireworks/models/llama-v3p1-405b-instruct,True
102,gpt-4o-2024-08-06,True
103,accounts/fireworks/models/llama-v3p1-405b-instruct,True
104,accounts/fireworks/models/llama-v3p1-405b-instruct,True
105,accounts/fireworks/models/llama-v3p1-405b-instruct,True
106,accounts/fireworks/models/llama-v3p1-405b-instruct,True
107,accounts/fireworks/models/llama-v3p1-405b-instruct,True
108,accounts/fireworks/models/llama-v3p1-405b-instruct,True
109,accounts/fireworks/models/llama-v3p1-405b-instruct,True
110,accounts/fireworks/models/llama-v3p1-405b-instruct,True
111,accounts/fireworks/models/llama-v3p1-405b-instruct,True
112,accounts/fireworks/models/llama-v3p1-405b-instruct,True
113,accounts/fireworks/models/llama-v3p1-405b-instruct,True
114,accounts/fireworks/models/llama-v3p1-405b-instruct,True
115,accounts/fireworks/models/llama-v3p1-405b-instruct,True
116,accounts/fireworks/models/llama-v3p1-405b-instruct,True
117,accounts/fireworks/models/llama-v3p1-405b-instruct,True
118,accounts/fireworks/models/llama-v3p1-405b-instruct,True
119,accounts/fireworks/models/llama-v3p1-405b-instruct,True
120,gpt-4o-2024-08-06,True
121,accounts/fireworks/models/llama-v3p1-405b-instruct,True
122,accounts/fireworks/models/llama-v3p1-405b-instruct,True
123,accounts/fireworks/models/llama-v3p1-405b-instruct,True
124,gpt-4o-2024-08-06,True
125,accounts/fireworks/models/llama-v3p1-405b-instruct,True
126,accounts/fireworks/models/llama-v3p1-405b-instruct,True
127,accounts/fireworks/models/llama-v3p1-405b-instruct,True
128,accounts/fireworks/models/llama-v3p1-405b-instruct,True
129,accounts/fireworks/models/llama-v3p1-405b-instruct,True
130,accounts/fireworks/models/llama-v3p1-405b-instruct,True
131,accounts/fireworks/models/llama-v3p1-405b-instruct,True
132,accounts/fireworks/models/llama-v3p1-405b-instruct,True
133,accounts/fireworks/models/llama-v3p1-405b-instruct,True
134,accounts/fireworks/models/llama-v3p1-405b-instruct,True
135,accounts/fireworks/models/llama-v3p1-405b-instruct,True
136,accounts/fireworks/models/llama-v3p1-405b-instruct,True
137,accounts/fireworks/models/llama-v3p1-405b-instruct,True
138,accounts/fireworks/models/llama-v3p1-405b-instruct,True
139,accounts/fireworks/models/llama-v3p1-405b-instruct,True
140,gpt-4o-2024-08-06,True
141,accounts/fireworks/models/llama-v3p1-405b-instruct,True
142,accounts/fireworks/models/llama-v3p1-405b-instruct,True
143,accounts/fireworks/models/llama-v3p1-405b-instruct,True
144,accounts/fireworks/models/llama-v3p1-405b-instruct,True
145,accounts/fireworks/models/llama-v3p1-405b-instruct,True
146,accounts/fireworks/models/llama-v3p1-405b-instruct,True
147,accounts/fireworks/models/llama-v3p1-405b-instruct,True
148,accounts/fireworks/models/llama-v3p1-405b-instruct,True
149,accounts/fireworks/models/llama-v3p1-405b-instruct,True
150,accounts/fireworks/models/llama-v3p1-405b-instruct,True
151,gpt-4o-2024-08-06,True
152,accounts/fireworks/models/llama-v3p1-405b-instruct,True
153,accounts/fireworks/models/llama-v3p1-405b-instruct,True
154,accounts/fireworks/models/llama-v3p1-405b-instruct,True
155,accounts/fireworks/models/llama-v3p1-405b-instruct,True
156,accounts/fireworks/models/llama-v3p1-405b-instruct,True
157,accounts/fireworks/models/llama-v3p1-405b-instruct,True
158,accounts/fireworks/models/llama-v3p1-405b-instruct,True
159,accounts/fireworks/models/llama-v3p1-405b-instruct,True
160,accounts/fireworks/models/llama-v3p1-405b-instruct,True
161,accounts/fireworks/models/llama-v3p1-405b-instruct,True
162,accounts/fireworks/models/llama-v3p1-405b-instruct,True
163,accounts/fireworks/models/llama-v3p1-405b-instruct,True
164,accounts/fireworks/models/llama-v3p1-405b-instruct,True
165,accounts/fireworks/models/llama-v3p1-405b-instruct,True
166,accounts/fireworks/models/llama-v3p1-405b-instruct,True
167,accounts/fireworks/models/llama-v3p1-405b-instruct,True
168,accounts/fireworks/models/llama-v3p1-405b-instruct,True
169,accounts/fireworks/models/llama-v3p1-405b-instruct,True
170,accounts/fireworks/models/llama-v3p1-405b-instruct,True
171,accounts/fireworks/models/llama-v3p1-405b-instruct,True
172,accounts/fireworks/models/llama-v3p1-405b-instruct,True
173,accounts/fireworks/models/llama-v3p1-405b-instruct,True
174,accounts/fireworks/models/llama-v3p1-405b-instruct,True
175,accounts/fireworks/models/llama-v3p1-405b-instruct,True
176,accounts/fireworks/models/llama-v3p1-405b-instruct,True
177,accounts/fireworks/models/llama-v3p1-405b-instruct,True
178,accounts/fireworks/models/llama-v3p1-405b-instruct,True
179,accounts/fireworks/models/llama-v3p1-405b-instruct,True
180,accounts/fireworks/models/llama-v3p1-405b-instruct,True
181,accounts/fireworks/models/llama-v3p1-405b-instruct,True
182,accounts/fireworks/models/llama-v3p1-405b-instruct,True
183,accounts/fireworks/models/llama-v3p1-405b-instruct,True
184,accounts/fireworks/models/llama-v3p1-405b-instruct,True
185,accounts/fireworks/models/llama-v3p1-405b-instruct,True
186,accounts/fireworks/models/llama-v3p1-405b-instruct,True
187,accounts/fireworks/models/llama-v3p1-405b-instruct,True
188,accounts/fireworks/models/llama-v3p1-405b-instruct,True
189,gpt-4o-2024-08-06,True
190,accounts/fireworks/models/llama-v3p1-405b-instruct,True
191,accounts/fireworks/models/llama-v3p1-405b-instruct,True
192,accounts/fireworks/models/llama-v3p1-405b-instruct,True
193,accounts/fireworks/models/llama-v3p1-405b-instruct,True
194,accounts/fireworks/models/llama-v3p1-405b-instruct,True
195,accounts/fireworks/models/llama-v3p1-405b-instruct,True
196,accounts/fireworks/models/llama-v3p1-405b-instruct,True
197,accounts/fireworks/models/llama-v3p1-405b-instruct,True
198,gpt-4o-2024-08-06,True
199,accounts/fireworks/models/llama-v3p1-405b-instruct,True
200,accounts/fireworks/models/llama-v3p1-405b-instruct,True
201,gpt-4o-2024-08-06,True
202,accounts/fireworks/models/llama-v3p1-405b-instruct,True
203,accounts/fireworks/models/llama-v3p1-405b-instruct,True
204,accounts/fireworks/models/llama-v3p1-405b-instruct,True
205,accounts/fireworks/models/llama-v3p1-405b-instruct,True
206,accounts/fireworks/models/llama-v3p1-405b-instruct,True
207,gpt-4o-2024-08-06,True
208,accounts/fireworks/models/llama-v3p1-405b-instruct,True
209,accounts/fireworks/models/llama-v3p1-405b-instruct,True
210,accounts/fireworks/models/llama-v3p1-405b-instruct,True
211,accounts/fireworks/models/llama-v3p1-405b-instruct,True
212,accounts/fireworks/models/llama-v3p1-405b-instruct,True
213,accounts/fireworks/models/llama-v3p1-405b-instruct,True
214,accounts/fireworks/models/llama-v3p1-405b-instruct,True
215,accounts/fireworks/models/llama-v3p1-405b-instruct,True
216,accounts/fireworks/models/llama-v3p1-405b-instruct,True
217,gpt-4o-2024-08-06,True
218,accounts/fireworks/models/llama-v3p1-405b-instruct,True
219,accounts/fireworks/models/llama-v3p1-405b-instruct,True
220,accounts/fireworks/models/llama-v3p1-405b-instruct,True
221,gpt-4o-2024-08-06,True
222,accounts/fireworks/models/llama-v3p1-405b-instruct,True
223,gpt-4o-2024-08-06,True
224,accounts/fireworks/models/llama-v3p1-405b-instruct,True
225,accounts/fireworks/models/llama-v3p1-405b-instruct,True
226,accounts/fireworks/models/llama-v3p1-405b-instruct,True
227,accounts/fireworks/models/llama-v3p1-405b-instruct,True
228,accounts/fireworks/models/llama-v3p1-405b-instruct,True
229,accounts/fireworks/models/llama-v3p1-405b-instruct,True
230,accounts/fireworks/models/llama-v3p1-405b-instruct,True
231,accounts/fireworks/models/llama-v3p1-405b-instruct,True
232,accounts/fireworks/models/llama-v3p1-405b-instruct,True
233,accounts/fireworks/models/llama-v3p1-405b-instruct,True
234,accounts/fireworks/models/llama-v3p1-405b-instruct,True
235,accounts/fireworks/models/llama-v3p1-405b-instruct,True
236,accounts/fireworks/models/llama-v3p1-405b-instruct,True
237,accounts/fireworks/models/llama-v3p1-405b-instruct,True
238,accounts/fireworks/models/llama-v3p1-405b-instruct,True
239,accounts/fireworks/models/llama-v3p1-405b-instruct,True
240,accounts/fireworks/models/llama-v3p1-405b-instruct,True
241,accounts/fireworks/models/llama-v3p1-405b-instruct,True
242,accounts/fireworks/models/llama-v3p1-405b-instruct,True
243,accounts/fireworks/models/llama-v3p1-405b-instruct,True
244,accounts/fireworks/models/llama-v3p1-405b-instruct,True
245,accounts/fireworks/models/llama-v3p1-405b-instruct,True
246,accounts/fireworks/models/llama-v3p1-405b-instruct,True
247,accounts/fireworks/models/llama-v3p1-405b-instruct,True
248,gpt-4o-2024-08-06,True
249,accounts/fireworks/models/llama-v3p1-405b-instruct,True
250,accounts/fireworks/models/llama-v3p1-405b-instruct,True
251,accounts/fireworks/models/llama-v3p1-405b-instruct,True
252,accounts/fireworks/models/llama-v3p1-405b-instruct,True
253,accounts/fireworks/models/llama-v3p1-405b-instruct,True
254,accounts/fireworks/models/llama-v3p1-405b-instruct,True
255,accounts/fireworks/models/llama-v3p1-405b-instruct,True
256,accounts/fireworks/models/llama-v3p1-405b-instruct,True
257,accounts/fireworks/models/llama-v3p1-405b-instruct,True
258,accounts/fireworks/models/llama-v3p1-405b-instruct,True
259,accounts/fireworks/models/llama-v3p1-405b-instruct,True
260,gpt-4o-2024-08-06,True
261,accounts/fireworks/models/llama-v3p1-405b-instruct,True
262,accounts/fireworks/models/llama-v3p1-405b-instruct,True
263,accounts/fireworks/models/llama-v3p1-405b-instruct,True
264,accounts/fireworks/models/llama-v3p1-405b-instruct,True
265,accounts/fireworks/models/llama-v3p1-405b-instruct,True
266,accounts/fireworks/models/llama-v3p1-405b-instruct,True
267,accounts/fireworks/models/llama-v3p1-405b-instruct,True
268,accounts/fireworks/models/llama-v3p1-405b-instruct,True
269,accounts/fireworks/models/llama-v3p1-405b-instruct,True
270,accounts/fireworks/models/llama-v3p1-405b-instruct,True
271,gpt-4o-2024-08-06,True
272,accounts/fireworks/models/llama-v3p1-405b-instruct,True
273,accounts/fireworks/models/llama-v3p1-405b-instruct,True
274,accounts/fireworks/models/llama-v3p1-405b-instruct,True
275,accounts/fireworks/models/llama-v3p1-405b-instruct,True
276,accounts/fireworks/models/llama-v3p1-405b-instruct,True
277,accounts/fireworks/models/llama-v3p1-405b-instruct,True
278,accounts/fireworks/models/llama-v3p1-405b-instruct,True
279,accounts/fireworks/models/llama-v3p1-405b-instruct,True
280,accounts/fireworks/models/llama-v3p1-405b-instruct,True
281,accounts/fireworks/models/llama-v3p1-405b-instruct,True
282,accounts/fireworks/models/llama-v3p1-405b-instruct,True
283,accounts/fireworks/models/llama-v3p1-405b-instruct,True
284,accounts/fireworks/models/llama-v3p1-405b-instruct,True
285,accounts/fireworks/models/llama-v3p1-405b-instruct,True
286,accounts/fireworks/models/llama-v3p1-405b-instruct,True
287,accounts/fireworks/models/llama-v3p1-405b-instruct,True
288,accounts/fireworks/models/llama-v3p1-405b-instruct,True
289,accounts/fireworks/models/llama-v3p1-405b-instruct,True
290,accounts/fireworks/models/llama-v3p1-405b-instruct,True
291,gpt-4o-2024-08-06,True
292,accounts/fireworks/models/llama-v3p1-405b-instruct,True
293,accounts/fireworks/models/llama-v3p1-405b-instruct,True
294,accounts/fireworks/models/llama-v3p1-405b-instruct,True
295,gpt-4o-2024-08-06,True
296,accounts/fireworks/models/llama-v3p1-405b-instruct,True
297,accounts/fireworks/models/llama-v3p1-405b-instruct,True
298,accounts/fireworks/models/llama-v3p1-405b-instruct,True
299,accounts/fireworks/models/llama-v3p1-405b-instruct,True
300,accounts/fireworks/models/llama-v3p1-405b-instruct,True
301,accounts/fireworks/models/llama-v3p1-405b-instruct,True
302,accounts/fireworks/models/llama-v3p1-405b-instruct,True
303,gpt-4o-2024-08-06,True
304,accounts/fireworks/models/llama-v3p1-405b-instruct,True
305,accounts/fireworks/models/llama-v3p1-405b-instruct,True
306,accounts/fireworks/models/llama-v3p1-405b-instruct,True
307,accounts/fireworks/models/llama-v3p1-405b-instruct,True
308,accounts/fireworks/models/llama-v3p1-405b-instruct,True
309,accounts/fireworks/models/llama-v3p1-405b-instruct,True
310,gpt-4o-2024-08-06,True
311,accounts/fireworks/models/llama-v3p1-405b-instruct,True
312,accounts/fireworks/models/llama-v3p1-405b-instruct,True
313,accounts/fireworks/models/llama-v3p1-405b-instruct,True
314,accounts/fireworks/models/llama-v3p1-405b-instruct,True
315,accounts/fireworks/models/llama-v3p1-405b-instruct,True
316,accounts/fireworks/models/llama-v3p1-405b-instruct,True
317,accounts/fireworks/models/llama-v3p1-405b-instruct,True
318,accounts/fireworks/models/llama-v3p1-405b-instruct,True
319,accounts/fireworks/models/llama-v3p1-405b-instruct,True
320,accounts/fireworks/models/llama-v3p1-405b-instruct,True
321,accounts/fireworks/models/llama-v3p1-405b-instruct,True
322,accounts/fireworks/models/llama-v3p1-405b-instruct,True
323,accounts/fireworks/models/llama-v3p1-405b-instruct,True
324,accounts/fireworks/models/llama-v3p1-405b-instruct,True
325,accounts/fireworks/models/llama-v3p1-405b-instruct,True
326,accounts/fireworks/models/llama-v3p1-405b-instruct,True
327,accounts/fireworks/models/llama-v3p1-405b-instruct,True
328,gpt-4o-2024-08-06,True
329,accounts/fireworks/models/llama-v3p1-405b-instruct,True
330,accounts/fireworks/models/llama-v3p1-405b-instruct,True
331,accounts/fireworks/models/llama-v3p1-405b-instruct,True
332,accounts/fireworks/models/llama-v3p1-405b-instruct,True
333,accounts/fireworks/models/llama-v3p1-405b-instruct,True
334,accounts/fireworks/models/llama-v3p1-405b-instruct,True
335,accounts/fireworks/models/llama-v3p1-405b-instruct,True
336,accounts/fireworks/models/llama-v3p1-405b-instruct,True
337,gpt-4o-2024-08-06,True
338,accounts/fireworks/models/llama-v3p1-405b-instruct,True
339,accounts/fireworks/models/llama-v3p1-405b-instruct,True
340,accounts/fireworks/models/llama-v3p1-405b-instruct,True
341,gpt-4o-2024-08-06,True
342,accounts/fireworks/models/llama-v3p1-405b-instruct,True
343,gpt-4o-2024-08-06,True
344,accounts/fireworks/models/llama-v3p1-405b-instruct,True
345,accounts/fireworks/models/llama-v3p1-405b-instruct,True
346,accounts/fireworks/models/llama-v3p1-405b-instruct,True
347,accounts/fireworks/models/llama-v3p1-405b-instruct,True
348,accounts/fireworks/models/llama-v3p1-405b-instruct,True
349,accounts/fireworks/models/llama-v3p1-405b-instruct,True
350,accounts/fireworks/models/llama-v3p1-405b-instruct,True
351,accounts/fireworks/models/llama-v3p1-405b-instruct,True
352,accounts/fireworks/models/llama-v3p1-405b-instruct,True
353,accounts/fireworks/models/llama-v3p1-405b-instruct,True
354,accounts/fireworks/models/llama-v3p1-405b-instruct,True
355,gpt-4o-2024-08-06,True
356,accounts/fireworks/models/llama-v3p1-405b-instruct,True
357,accounts/fireworks/models/llama-v3p1-405b-instruct,True
358,accounts/fireworks/models/llama-v3p1-405b-instruct,True
359,accounts/fireworks/models/llama-v3p1-405b-instruct,True
360,accounts/fireworks/models/llama-v3p1-405b-instruct,True
361,accounts/fireworks/models/llama-v3p1-405b-instruct,True
362,accounts/fireworks/models/llama-v3p1-405b-instruct,True
363,accounts/fireworks/models/llama-v3p1-405b-instruct,True
364,accounts/fireworks/models/llama-v3p1-405b-instruct,True
365,accounts/fireworks/models/llama-v3p1-405b-instruct,True
366,accounts/fireworks/models/llama-v3p1-405b-instruct,True
367,accounts/fireworks/models/llama-v3p1-405b-instruct,True
368,gpt-4o-2024-08-06,True
369,accounts/fireworks/models/llama-v3p1-405b-instruct,True
370,accounts/fireworks/models/llama-v3p1-405b-instruct,True
371,accounts/fireworks/models/llama-v3p1-405b-instruct,True
372,accounts/fireworks/models/llama-v3p1-405b-instruct,True
373,accounts/fireworks/models/llama-v3p1-405b-instruct,True
374,accounts/fireworks/models/llama-v3p1-405b-instruct,True
375,accounts/fireworks/models/llama-v3p1-405b-instruct,True
376,accounts/fireworks/models/llama-v3p1-405b-instruct,True
377,accounts/fireworks/models/llama-v3p1-405b-instruct,True
378,accounts/fireworks/models/llama-v3p1-405b-instruct,True
379,accounts/fireworks/models/llama-v3p1-405b-instruct,True
380,accounts/fireworks/models/llama-v3p1-405b-instruct,True
381,accounts/fireworks/models/llama-v3p1-405b-instruct,True
382,accounts/fireworks/models/llama-v3p1-405b-instruct,True
383,accounts/fireworks/models/llama-v3p1-405b-instruct,True
384,accounts/fireworks/models/llama-v3p1-405b-instruct,True
385,accounts/fireworks/models/llama-v3p1-405b-instruct,True
386,accounts/fireworks/models/llama-v3p1-405b-instruct,True
387,accounts/fireworks/models/llama-v3p1-405b-instruct,True
388,accounts/fireworks/models/llama-v3p1-405b-instruct,True
389,accounts/fireworks/models/llama-v3p1-405b-instruct,True
390,accounts/fireworks/models/llama-v3p1-405b-instruct,True
391,accounts/fireworks/models/llama-v3p1-405b-instruct,True
392,accounts/fireworks/models/llama-v3p1-405b-instruct,True
393,accounts/fireworks/models/llama-v3p1-405b-instruct,True
394,accounts/fireworks/models/llama-v3p1-405b-instruct,True
395,accounts/fireworks/models/llama-v3p1-405b-instruct,True
396,accounts/fireworks/models/llama-v3p1-405b-instruct,True
397,accounts/fireworks/models/llama-v3p1-405b-instruct,True
398,accounts/fireworks/models/llama-v3p1-405b-instruct,True
399,accounts/fireworks/models/llama-v3p1-405b-instruct,True
400,accounts/fireworks/models/llama-v3p1-405b-instruct,True
401,gpt-4o-2024-08-06,True
402,accounts/fireworks/models/llama-v3p1-405b-instruct,True
403,accounts/fireworks/models/llama-v3p1-405b-instruct,True
404,accounts/fireworks/models/llama-v3p1-405b-instruct,True
405,accounts/fireworks/models/llama-v3p1-405b-instruct,True
406,accounts/fireworks/models/llama-v3p1-405b-instruct,True
407,accounts/fireworks/models/llama-v3p1-405b-instruct,True
408,accounts/fireworks/models/llama-v3p1-405b-instruct,True
409,accounts/fireworks/models/llama-v3p1-405b-instruct,True
410,accounts/fireworks/models/llama-v3p1-405b-instruct,True
411,accounts/fireworks/models/llama-v3p1-405b-instruct,True
412,accounts/fireworks/models/llama-v3p1-405b-instruct,True
413,accounts/fireworks/models/llama-v3p1-405b-instruct,True
414,accounts/fireworks/models/llama-v3p1-405b-instruct,True
415,accounts/fireworks/models/llama-v3p1-405b-instruct,True
416,accounts/fireworks/models/llama-v3p1-405b-instruct,True
417,accounts/fireworks/models/llama-v3p1-405b-instruct,True
418,accounts/fireworks/models/llama-v3p1-405b-instruct,True
419,accounts/fireworks/models/llama-v3p1-405b-instruct,True
420,accounts/fireworks/models/llama-v3p1-405b-instruct,True
421,accounts/fireworks/models/llama-v3p1-405b-instruct,True
422,accounts/fireworks/models/llama-v3p1-405b-instruct,True
423,accounts/fireworks/models/llama-v3p1-405b-instruct,True
424,accounts/fireworks/models/llama-v3p1-405b-instruct,True
425,gpt-4o-2024-08-06,True
426,accounts/fireworks/models/llama-v3p1-405b-instruct,True
427,accounts/fireworks/models/llama-v3p1-405b-instruct,True
428,accounts/fireworks/models/llama-v3p1-405b-instruct,True
429,accounts/fireworks/models/llama-v3p1-405b-instruct,True
430,accounts/fireworks/models/llama-v3p1-405b-instruct,True
431,accounts/fireworks/models/llama-v3p1-405b-instruct,True
432,accounts/fireworks/models/llama-v3p1-405b-instruct,True
433,gpt-4o-2024-08-06,True
434,accounts/fireworks/models/llama-v3p1-405b-instruct,True
435,accounts/fireworks/models/llama-v3p1-405b-instruct,True
436,accounts/fireworks/models/llama-v3p1-405b-instruct,True
437,accounts/fireworks/models/llama-v3p1-405b-instruct,True
438,accounts/fireworks/models/llama-v3p1-405b-instruct,True
439,accounts/fireworks/models/llama-v3p1-405b-instruct,True
440,accounts/fireworks/models/llama-v3p1-405b-instruct,True
441,accounts/fireworks/models/llama-v3p1-405b-instruct,True
442,accounts/fireworks/models/llama-v3p1-405b-instruct,True
443,accounts/fireworks/models/llama-v3p1-405b-instruct,True
444,accounts/fireworks/models/llama-v3p1-405b-instruct,True
445,accounts/fireworks/models/llama-v3p1-405b-instruct,True
446,accounts/fireworks/models/llama-v3p1-405b-instruct,True
447,accounts/fireworks/models/llama-v3p1-405b-instruct,True
448,accounts/fireworks/models/llama-v3p1-405b-instruct,True
449,accounts/fireworks/models/llama-v3p1-405b-instruct,True
450,accounts/fireworks/models/llama-v3p1-405b-instruct,True
451,accounts/fireworks/models/llama-v3p1-405b-instruct,True
452,accounts/fireworks/models/llama-v3p1-405b-instruct,True
453,accounts/fireworks/models/llama-v3p1-405b-instruct,True
454,accounts/fireworks/models/llama-v3p1-405b-instruct,True
455,accounts/fireworks/models/llama-v3p1-405b-instruct,True
456,accounts/fireworks/models/llama-v3p1-405b-instruct,True
457,accounts/fireworks/models/llama-v3p1-405b-instruct,True
458,accounts/fireworks/models/llama-v3p1-405b-instruct,True
459,accounts/fireworks/models/llama-v3p1-405b-instruct,True
460,accounts/fireworks/models/llama-v3p1-405b-instruct,True
461,accounts/fireworks/models/llama-v3p1-405b-instruct,True
462,accounts/fireworks/models/llama-v3p1-405b-instruct,True
463,accounts/fireworks/models/llama-v3p1-405b-instruct,True
464,gpt-4o-2024-08-06,True
465,accounts/fireworks/models/llama-v3p1-405b-instruct,True
466,accounts/fireworks/models/llama-v3p1-405b-instruct,True
467,accounts/fireworks/models/llama-v3p1-405b-instruct,True
468,accounts/fireworks/models/llama-v3p1-405b-instruct,True
469,accounts/fireworks/models/llama-v3p1-405b-instruct,True
470,accounts/fireworks/models/llama-v3p1-405b-instruct,True
471,accounts/fireworks/models/llama-v3p1-405b-instruct,True
472,accounts/fireworks/models/llama-v3p1-405b-instruct,True
473,accounts/fireworks/models/llama-v3p1-405b-instruct,True
474,accounts/fireworks/models/llama-v3p1-405b-instruct,True
475,accounts/fireworks/models/llama-v3p1-405b-instruct,True
476,accounts/fireworks/models/llama-v3p1-405b-instruct,True
477,accounts/fireworks/models/llama-v3p1-405b-instruct,True
478,accounts/fireworks/models/llama-v3p1-405b-instruct,True
479,accounts/fireworks/models/llama-v3p1-405b-instruct,True
480,accounts/fireworks/models/llama-v3p1-405b-instruct,True
481,accounts/fireworks/models/llama-v3p1-405b-instruct,True
482,accounts/fireworks/models/llama-v3p1-405b-instruct,True
483,accounts/fireworks/models/llama-v3p1-405b-instruct,True
484,accounts/fireworks/models/llama-v3p1-405b-instruct,True
485,accounts/fireworks/models/llama-v3p1-405b-instruct,True
486,accounts/fireworks/models/llama-v3p1-405b-instruct,True
487,accounts/fireworks/models/llama-v3p1-405b-instruct,True
488,accounts/fireworks/models/llama-v3p1-405b-instruct,True
489,accounts/fireworks/models/llama-v3p1-405b-instruct,True
490,accounts/fireworks/models/llama-v3p1-405b-instruct,True
491,gpt-4o-2024-08-06,True
492,accounts/fireworks/models/llama-v3p1-405b-instruct,True
493,accounts/fireworks/models/llama-v3p1-405b-instruct,True
494,accounts/fireworks/models/llama-v3p1-405b-instruct,True
495,gpt-4o-2024-08-06,True
496,accounts/fireworks/models/llama-v3p1-405b-instruct,True
497,accounts/fireworks/models/llama-v3p1-405b-instruct,True
498,accounts/fireworks/models/llama-v3p1-405b-instruct,True
499,accounts/fireworks/models/llama-v3p1-405b-instruct,True
500,accounts/fireworks/models/llama-v3p1-405b-instruct,True
501,accounts/fireworks/models/llama-v3p1-405b-instruct,True
502,gpt-4o-2024-08-06,True
503,accounts/fireworks/models/llama-v3p1-405b-instruct,True
504,accounts/fireworks/models/llama-v3p1-405b-instruct,True
505,accounts/fireworks/models/llama-v3p1-405b-instruct,True
506,accounts/fireworks/models/llama-v3p1-405b-instruct,True
507,accounts/fireworks/models/llama-v3p1-405b-instruct,True
508,accounts/fireworks/models/llama-v3p1-405b-instruct,True
509,accounts/fireworks/models/llama-v3p1-405b-instruct,True
510,accounts/fireworks/models/llama-v3p1-405b-instruct,True
511,accounts/fireworks/models/llama-v3p1-405b-instruct,True
512,gpt-4o-2024-08-06,True
513,accounts/fireworks/models/llama-v3p1-405b-instruct,True
514,accounts/fireworks/models/llama-v3p1-405b-instruct,True
515,accounts/fireworks/models/llama-v3p1-405b-instruct,True
516,accounts/fireworks/models/llama-v3p1-405b-instruct,True
517,gpt-4o-2024-08-06,True
518,accounts/fireworks/models/llama-v3p1-405b-instruct,True
519,accounts/fireworks/models/llama-v3p1-405b-instruct,True
520,accounts/fireworks/models/llama-v3p1-405b-instruct,True
521,accounts/fireworks/models/llama-v3p1-405b-instruct,True
522,accounts/fireworks/models/llama-v3p1-405b-instruct,True
523,accounts/fireworks/models/llama-v3p1-405b-instruct,True
524,accounts/fireworks/models/llama-v3p1-405b-instruct,True
525,accounts/fireworks/models/llama-v3p1-405b-instruct,True
526,accounts/fireworks/models/llama-v3p1-405b-instruct,True
527,accounts/fireworks/models/llama-v3p1-405b-instruct,True
528,accounts/fireworks/models/llama-v3p1-405b-instruct,True
529,accounts/fireworks/models/llama-v3p1-405b-instruct,True
530,accounts/fireworks/models/llama-v3p1-405b-instruct,True
531,accounts/fireworks/models/llama-v3p1-405b-instruct,True
532,accounts/fireworks/models/llama-v3p1-405b-instruct,True
533,accounts/fireworks/models/llama-v3p1-405b-instruct,True
534,accounts/fireworks/models/llama-v3p1-405b-instruct,True
535,accounts/fireworks/models/llama-v3p1-405b-instruct,True
536,accounts/fireworks/models/llama-v3p1-405b-instruct,True
537,accounts/fireworks/models/llama-v3p1-405b-instruct,True
538,accounts/fireworks/models/llama-v3p1-405b-instruct,True
539,accounts/fireworks/models/llama-v3p1-405b-instruct,True
540,accounts/fireworks/models/llama-v3p1-405b-instruct,True
541,accounts/fireworks/models/llama-v3p1-405b-instruct,True
542,gpt-4o-2024-08-06,True
543,accounts/fireworks/models/llama-v3p1-405b-instruct,True
544,accounts/fireworks/models/llama-v3p1-405b-instruct,True
545,accounts/fireworks/models/llama-v3p1-405b-instruct,True
546,accounts/fireworks/models/llama-v3p1-405b-instruct,True
547,accounts/fireworks/models/llama-v3p1-405b-instruct,True
548,accounts/fireworks/models/llama-v3p1-405b-instruct,True
549,accounts/fireworks/models/llama-v3p1-405b-instruct,True
550,accounts/fireworks/models/llama-v3p1-405b-instruct,True
551,accounts/fireworks/models/llama-v3p1-405b-instruct,True
552,accounts/fireworks/models/llama-v3p1-405b-instruct,True
553,accounts/fireworks/models/llama-v3p1-405b-instruct,True
554,accounts/fireworks/models/llama-v3p1-405b-instruct,True
555,accounts/fireworks/models/llama-v3p1-405b-instruct,True
556,accounts/fireworks/models/llama-v3p1-405b-instruct,True
557,accounts/fireworks/models/llama-v3p1-405b-instruct,True
558,accounts/fireworks/models/llama-v3p1-405b-instruct,True
559,accounts/fireworks/models/llama-v3p1-405b-instruct,True
560,accounts/fireworks/models/llama-v3p1-405b-instruct,True
561,accounts/fireworks/models/llama-v3p1-405b-instruct,True
562,accounts/fireworks/models/llama-v3p1-405b-instruct,True
563,gpt-4o-2024-08-06,True
564,accounts/fireworks/models/llama-v3p1-405b-instruct,True
565,accounts/fireworks/models/llama-v3p1-405b-instruct,True
566,accounts/fireworks/models/llama-v3p1-405b-instruct,True
567,accounts/fireworks/models/llama-v3p1-405b-instruct,True
568,accounts/fireworks/models/llama-v3p1-405b-instruct,True
569,accounts/fireworks/models/llama-v3p1-405b-instruct,True
570,accounts/fireworks/models/llama-v3p1-405b-instruct,True
571,accounts/fireworks/models/llama-v3p1-405b-instruct,True
572,accounts/fireworks/models/llama-v3p1-405b-instruct,True
573,accounts/fireworks/models/llama-v3p1-405b-instruct,True
574,accounts/fireworks/models/llama-v3p1-405b-instruct,True
575,accounts/fireworks/models/llama-v3p1-405b-instruct,True
576,gpt-4o-2024-08-06,True
577,accounts/fireworks/models/llama-v3p1-405b-instruct,True
578,accounts/fireworks/models/llama-v3p1-405b-instruct,True
579,accounts/fireworks/models/llama-v3p1-405b-instruct,True
580,accounts/fireworks/models/llama-v3p1-405b-instruct,True
581,accounts/fireworks/models/llama-v3p1-405b-instruct,True
582,accounts/fireworks/models/llama-v3p1-405b-instruct,True
583,accounts/fireworks/models/llama-v3p1-405b-instruct,True
584,accounts/fireworks/models/llama-v3p1-405b-instruct,True
585,accounts/fireworks/models/llama-v3p1-405b-instruct,True
586,accounts/fireworks/models/llama-v3p1-405b-instruct,True
587,accounts/fireworks/models/llama-v3p1-405b-instruct,True
588,gpt-4o-2024-08-06,True
589,gpt-4o-2024-08-06,True
590,accounts/fireworks/models/llama-v3p1-405b-instruct,True
591,gpt-4o-2024-08-06,True
592,accounts/fireworks/models/llama-v3p1-405b-instruct,True
593,accounts/fireworks/models/llama-v3p1-405b-instruct,True
594,accounts/fireworks/models/llama-v3p1-405b-instruct,True
595,accounts/fireworks/models/llama-v3p1-405b-instruct,True
596,accounts/fireworks/models/llama-v3p1-405b-instruct,True
597,accounts/fireworks/models/llama-v3p1-405b-instruct,True
598,gpt-4o-2024-08-06,True
599,accounts/fireworks/models/llama-v3p1-405b-instruct,True
600,accounts/fireworks/models/llama-v3p1-405b-instruct,True
601,accounts/fireworks/models/llama-v3p1-405b-instruct,True
602,gpt-4o-2024-08-06,True
603,accounts/fireworks/models/llama-v3p1-405b-instruct,True
604,accounts/fireworks/models/llama-v3p1-405b-instruct,True
605,accounts/fireworks/models/llama-v3p1-405b-instruct,True
606,accounts/fireworks/models/llama-v3p1-405b-instruct,True
607,accounts/fireworks/models/llama-v3p1-405b-instruct,True
608,accounts/fireworks/models/llama-v3p1-405b-instruct,True
609,accounts/fireworks/models/llama-v3p1-405b-instruct,True
610,gpt-4o-2024-08-06,True
611,accounts/fireworks/models/llama-v3p1-405b-instruct,True
612,accounts/fireworks/models/llama-v3p1-405b-instruct,True
613,accounts/fireworks/models/llama-v3p1-405b-instruct,True
614,accounts/fireworks/models/llama-v3p1-405b-instruct,True
615,accounts/fireworks/models/llama-v3p1-405b-instruct,True
616,accounts/fireworks/models/llama-v3p1-405b-instruct,True
617,accounts/fireworks/models/llama-v3p1-405b-instruct,True
618,accounts/fireworks/models/llama-v3p1-405b-instruct,True
619,accounts/fireworks/models/llama-v3p1-405b-instruct,True
620,accounts/fireworks/models/llama-v3p1-405b-instruct,True
621,accounts/fireworks/models/llama-v3p1-405b-instruct,True
622,accounts/fireworks/models/llama-v3p1-405b-instruct,True
623,accounts/fireworks/models/llama-v3p1-405b-instruct,True
624,accounts/fireworks/models/llama-v3p1-405b-instruct,True
625,accounts/fireworks/models/llama-v3p1-405b-instruct,True
626,accounts/fireworks/models/llama-v3p1-405b-instruct,True
627,gpt-4o-2024-08-06,True
628,accounts/fireworks/models/llama-v3p1-405b-instruct,True
629,accounts/fireworks/models/llama-v3p1-405b-instruct,True
630,accounts/fireworks/models/llama-v3p1-405b-instruct,True
631,accounts/fireworks/models/llama-v3p1-405b-instruct,True
632,accounts/fireworks/models/llama-v3p1-405b-instruct,True
633,accounts/fireworks/models/llama-v3p1-405b-instruct,True
634,gpt-4o-2024-08-06,True
635,accounts/fireworks/models/llama-v3p1-405b-instruct,True
636,accounts/fireworks/models/llama-v3p1-405b-instruct,True
637,accounts/fireworks/models/llama-v3p1-405b-instruct,True
638,accounts/fireworks/models/llama-v3p1-405b-instruct,True
639,accounts/fireworks/models/llama-v3p1-405b-instruct,True
640,accounts/fireworks/models/llama-v3p1-405b-instruct,True
641,accounts/fireworks/models/llama-v3p1-405b-instruct,True
642,accounts/fireworks/models/llama-v3p1-405b-instruct,True
643,accounts/fireworks/models/llama-v3p1-405b-instruct,True
644,accounts/fireworks/models/llama-v3p1-405b-instruct,True
645,accounts/fireworks/models/llama-v3p1-405b-instruct,True
646,accounts/fireworks/models/llama-v3p1-405b-instruct,True
647,accounts/fireworks/models/llama-v3p1-405b-instruct,True
648,accounts/fireworks/models/llama-v3p1-405b-instruct,True
649,gpt-4o-2024-08-06,True
650,accounts/fireworks/models/llama-v3p1-405b-instruct,True
651,accounts/fireworks/models/llama-v3p1-405b-instruct,True
652,accounts/fireworks/models/llama-v3p1-405b-instruct,True
653,accounts/fireworks/models/llama-v3p1-405b-instruct,True
654,gpt-4o-2024-08-06,True
655,gpt-4o-2024-08-06,True
656,accounts/fireworks/models/llama-v3p1-405b-instruct,True
657,accounts/fireworks/models/llama-v3p1-405b-instruct,True
658,accounts/fireworks/models/llama-v3p1-405b-instruct,True
659,accounts/fireworks/models/llama-v3p1-405b-instruct,True
660,accounts/fireworks/models/llama-v3p1-405b-instruct,True
661,accounts/fireworks/models/llama-v3p1-405b-instruct,True
662,accounts/fireworks/models/llama-v3p1-405b-instruct,True
663,accounts/fireworks/models/llama-v3p1-405b-instruct,True
664,accounts/fireworks/models/llama-v3p1-405b-instruct,True
665,accounts/fireworks/models/llama-v3p1-405b-instruct,True
666,accounts/fireworks/models/llama-v3p1-405b-instruct,True
667,accounts/fireworks/models/llama-v3p1-405b-instruct,True
668,accounts/fireworks/models/llama-v3p1-405b-instruct,True
669,accounts/fireworks/models/llama-v3p1-405b-instruct,True
670,accounts/fireworks/models/llama-v3p1-405b-instruct,True
671,accounts/fireworks/models/llama-v3p1-405b-instruct,True
672,gpt-4o-2024-08-06,True
673,accounts/fireworks/models/llama-v3p1-405b-instruct,True
674,accounts/fireworks/models/llama-v3p1-405b-instruct,True
675,accounts/fireworks/models/llama-v3p1-405b-instruct,True
676,accounts/fireworks/models/llama-v3p1-405b-instruct,True
677,accounts/fireworks/models/llama-v3p1-405b-instruct,True
678,accounts/fireworks/models/llama-v3p1-405b-instruct,True
679,accounts/fireworks/models/llama-v3p1-405b-instruct,True
680,accounts/fireworks/models/llama-v3p1-405b-instruct,True
681,accounts/fireworks/models/llama-v3p1-405b-instruct,True
682,accounts/fireworks/models/llama-v3p1-405b-instruct,True
683,accounts/fireworks/models/llama-v3p1-405b-instruct,True
684,accounts/fireworks/models/llama-v3p1-405b-instruct,True
685,accounts/fireworks/models/llama-v3p1-405b-instruct,True
686,accounts/fireworks/models/llama-v3p1-405b-instruct,True
687,gpt-4o-2024-08-06,True
688,accounts/fireworks/models/llama-v3p1-405b-instruct,True
689,accounts/fireworks/models/llama-v3p1-405b-instruct,True
690,accounts/fireworks/models/llama-v3p1-405b-instruct,True
691,gpt-4o-2024-08-06,True
692,accounts/fireworks/models/llama-v3p1-405b-instruct,True
693,accounts/fireworks/models/llama-v3p1-405b-instruct,True
694,accounts/fireworks/models/llama-v3p1-405b-instruct,True
695,accounts/fireworks/models/llama-v3p1-405b-instruct,True
696,accounts/fireworks/models/llama-v3p1-405b-instruct,True
697,accounts/fireworks/models/llama-v3p1-405b-instruct,True
698,accounts/fireworks/models/llama-v3p1-405b-instruct,True
699,accounts/fireworks/models/llama-v3p1-405b-instruct,True
700,accounts/fireworks/models/llama-v3p1-405b-instruct,True
701,accounts/fireworks/models/llama-v3p1-405b-instruct,True
702,accounts/fireworks/models/llama-v3p1-405b-instruct,True
703,accounts/fireworks/models/llama-v3p1-405b-instruct,True
704,accounts/fireworks/models/llama-v3p1-405b-instruct,True
705,gpt-4o-2024-08-06,True
706,accounts/fireworks/models/llama-v3p1-405b-instruct,True
707,accounts/fireworks/models/llama-v3p1-405b-instruct,True
708,accounts/fireworks/models/llama-v3p1-405b-instruct,True
709,accounts/fireworks/models/llama-v3p1-405b-instruct,True
710,accounts/fireworks/models/llama-v3p1-405b-instruct,True
711,accounts/fireworks/models/llama-v3p1-405b-instruct,True
712,gpt-4o-2024-08-06,True
713,accounts/fireworks/models/llama-v3p1-405b-instruct,True
714,accounts/fireworks/models/llama-v3p1-405b-instruct,True
715,accounts/fireworks/models/llama-v3p1-405b-instruct,True
716,accounts/fireworks/models/llama-v3p1-405b-instruct,True
717,accounts/fireworks/models/llama-v3p1-405b-instruct,True
718,accounts/fireworks/models/llama-v3p1-405b-instruct,True
719,accounts/fireworks/models/llama-v3p1-405b-instruct,True
720,accounts/fireworks/models/llama-v3p1-405b-instruct,True
721,accounts/fireworks/models/llama-v3p1-405b-instruct,True
722,accounts/fireworks/models/llama-v3p1-405b-instruct,True
723,accounts/fireworks/models/llama-v3p1-405b-instruct,True
724,accounts/fireworks/models/llama-v3p1-405b-instruct,True
725,accounts/fireworks/models/llama-v3p1-405b-instruct,True
726,accounts/fireworks/models/llama-v3p1-405b-instruct,True
727,accounts/fireworks/models/llama-v3p1-405b-instruct,True
728,gpt-4o-2024-08-06,True
729,accounts/fireworks/models/llama-v3p1-405b-instruct,True
730,accounts/fireworks/models/llama-v3p1-405b-instruct,True
731,accounts/fireworks/models/llama-v3p1-405b-instruct,True
732,accounts/fireworks/models/llama-v3p1-405b-instruct,True
733,accounts/fireworks/models/llama-v3p1-405b-instruct,True
734,accounts/fireworks/models/llama-v3p1-405b-instruct,True
735,accounts/fireworks/models/llama-v3p1-405b-instruct,True
736,accounts/fireworks/models/llama-v3p1-405b-instruct,True
737,accounts/fireworks/models/llama-v3p1-405b-instruct,True
738,accounts/fireworks/models/llama-v3p1-405b-instruct,True
739,accounts/fireworks/models/llama-v3p1-405b-instruct,True
740,accounts/fireworks/models/llama-v3p1-405b-instruct,True
741,accounts/fireworks/models/llama-v3p1-405b-instruct,True
742,gpt-4o-2024-08-06,True
743,accounts/fireworks/models/llama-v3p1-405b-instruct,True
744,accounts/fireworks/models/llama-v3p1-405b-instruct,True
745,accounts/fireworks/models/llama-v3p1-405b-instruct,True
746,accounts/fireworks/models/llama-v3p1-405b-instruct,True
747,accounts/fireworks/models/llama-v3p1-405b-instruct,True
748,accounts/fireworks/models/llama-v3p1-405b-instruct,True
749,accounts/fireworks/models/llama-v3p1-405b-instruct,True
750,accounts/fireworks/models/llama-v3p1-405b-instruct,True
751,accounts/fireworks/models/llama-v3p1-405b-instruct,True
752,accounts/fireworks/models/llama-v3p1-405b-instruct,True
753,accounts/fireworks/models/llama-v3p1-405b-instruct,True
754,accounts/fireworks/models/llama-v3p1-405b-instruct,True
755,accounts/fireworks/models/llama-v3p1-405b-instruct,True
756,accounts/fireworks/models/llama-v3p1-405b-instruct,True
757,accounts/fireworks/models/llama-v3p1-405b-instruct,True
758,accounts/fireworks/models/llama-v3p1-405b-instruct,True
759,accounts/fireworks/models/llama-v3p1-405b-instruct,True
760,accounts/fireworks/models/llama-v3p1-405b-instruct,True
761,accounts/fireworks/models/llama-v3p1-405b-instruct,True
762,accounts/fireworks/models/llama-v3p1-405b-instruct,True
763,accounts/fireworks/models/llama-v3p1-405b-instruct,True
764,gpt-4o-2024-08-06,True
765,accounts/fireworks/models/llama-v3p1-405b-instruct,True
766,gpt-4o-2024-08-06,True
767,gpt-4o-2024-08-06,True
768,accounts/fireworks/models/llama-v3p1-405b-instruct,True
769,accounts/fireworks/models/llama-v3p1-405b-instruct,True
770,accounts/fireworks/models/llama-v3p1-405b-instruct,True
771,accounts/fireworks/models/llama-v3p1-405b-instruct,True
772,accounts/fireworks/models/llama-v3p1-405b-instruct,True
773,accounts/fireworks/models/llama-v3p1-405b-instruct,True
774,accounts/fireworks/models/llama-v3p1-405b-instruct,True
775,accounts/fireworks/models/llama-v3p1-405b-instruct,True
776,accounts/fireworks/models/llama-v3p1-405b-instruct,True
777,accounts/fireworks/models/llama-v3p1-405b-instruct,True
778,accounts/fireworks/models/llama-v3p1-405b-instruct,True
779,accounts/fireworks/models/llama-v3p1-405b-instruct,True
780,accounts/fireworks/models/llama-v3p1-405b-instruct,True
781,accounts/fireworks/models/llama-v3p1-405b-instruct,True
782,gpt-4o-2024-08-06,True
783,accounts/fireworks/models/llama-v3p1-405b-instruct,True
784,gpt-4o-2024-08-06,True
785,accounts/fireworks/models/llama-v3p1-405b-instruct,True
786,accounts/fireworks/models/llama-v3p1-405b-instruct,True
787,accounts/fireworks/models/llama-v3p1-405b-instruct,True
788,gpt-4o-2024-08-06,True
789,accounts/fireworks/models/llama-v3p1-405b-instruct,True
790,accounts/fireworks/models/llama-v3p1-405b-instruct,True
791,accounts/fireworks/models/llama-v3p1-405b-instruct,True
792,accounts/fireworks/models/llama-v3p1-405b-instruct,True
793,accounts/fireworks/models/llama-v3p1-405b-instruct,True
794,accounts/fireworks/models/llama-v3p1-405b-instruct,True
795,accounts/fireworks/models/llama-v3p1-405b-instruct,True
796,gpt-4o-2024-08-06,True
797,accounts/fireworks/models/llama-v3p1-405b-instruct,True
798,gpt-4o-2024-08-06,True
799,accounts/fireworks/models/llama-v3p1-405b-instruct,True
800,accounts/fireworks/models/llama-v3p1-405b-instruct,True
801,gpt-4o-2024-08-06,True
802,accounts/fireworks/models/llama-v3p1-405b-instruct,True
803,accounts/fireworks/models/llama-v3p1-405b-instruct,True
804,accounts/fireworks/models/llama-v3p1-405b-instruct,True
805,gpt-4o-2024-08-06,True
806,accounts/fireworks/models/llama-v3p1-405b-instruct,True
807,accounts/fireworks/models/llama-v3p1-405b-instruct,True
808,accounts/fireworks/models/llama-v3p1-405b-instruct,True
809,accounts/fireworks/models/llama-v3p1-405b-instruct,True
810,accounts/fireworks/models/llama-v3p1-405b-instruct,True
811,accounts/fireworks/models/llama-v3p1-405b-instruct,True
812,accounts/fireworks/models/llama-v3p1-405b-instruct,True
813,accounts/fireworks/models/llama-v3p1-405b-instruct,True
814,accounts/fireworks/models/llama-v3p1-405b-instruct,True
815,gpt-4o-2024-08-06,True
816,accounts/fireworks/models/llama-v3p1-405b-instruct,True
817,accounts/fireworks/models/llama-v3p1-405b-instruct,True
818,gpt-4o-2024-08-06,True
819,gpt-4o-2024-08-06,True
820,accounts/fireworks/models/llama-v3p1-405b-instruct,True
821,accounts/fireworks/models/llama-v3p1-405b-instruct,True
822,accounts/fireworks/models/llama-v3p1-405b-instruct,True
823,accounts/fireworks/models/llama-v3p1-405b-instruct,True
824,accounts/fireworks/models/llama-v3p1-405b-instruct,True
825,gpt-4o-2024-08-06,True
826,accounts/fireworks/models/llama-v3p1-405b-instruct,True
827,gpt-4o-2024-08-06,True
828,accounts/fireworks/models/llama-v3p1-405b-instruct,True
829,accounts/fireworks/models/llama-v3p1-405b-instruct,True
830,accounts/fireworks/models/llama-v3p1-405b-instruct,True
831,accounts/fireworks/models/llama-v3p1-405b-instruct,True
832,gpt-4o-2024-08-06,True
833,accounts/fireworks/models/llama-v3p1-405b-instruct,True
834,accounts/fireworks/models/llama-v3p1-405b-instruct,True
835,accounts/fireworks/models/llama-v3p1-405b-instruct,True
836,accounts/fireworks/models/llama-v3p1-405b-instruct,True
837,accounts/fireworks/models/llama-v3p1-405b-instruct,True
838,accounts/fireworks/models/llama-v3p1-405b-instruct,True
839,accounts/fireworks/models/llama-v3p1-405b-instruct,True
840,accounts/fireworks/models/llama-v3p1-405b-instruct,True
841,accounts/fireworks/models/llama-v3p1-405b-instruct,True
842,accounts/fireworks/models/llama-v3p1-405b-instruct,True
843,accounts/fireworks/models/llama-v3p1-405b-instruct,True
844,accounts/fireworks/models/llama-v3p1-405b-instruct,True
845,accounts/fireworks/models/llama-v3p1-405b-instruct,True
846,accounts/fireworks/models/llama-v3p1-405b-instruct,True
847,accounts/fireworks/models/llama-v3p1-405b-instruct,True
848,accounts/fireworks/models/llama-v3p1-405b-instruct,True
849,accounts/fireworks/models/llama-v3p1-405b-instruct,True
850,accounts/fireworks/models/llama-v3p1-405b-instruct,True
851,accounts/fireworks/models/llama-v3p1-405b-instruct,True
852,accounts/fireworks/models/llama-v3p1-405b-instruct,True
853,accounts/fireworks/models/llama-v3p1-405b-instruct,True
854,gpt-4o-2024-08-06,True
855,accounts/fireworks/models/llama-v3p1-405b-instruct,True
856,accounts/fireworks/models/llama-v3p1-405b-instruct,True
857,accounts/fireworks/models/llama-v3p1-405b-instruct,True
858,accounts/fireworks/models/llama-v3p1-405b-instruct,True
859,accounts/fireworks/models/llama-v3p1-405b-instruct,True
860,accounts/fireworks/models/llama-v3p1-405b-instruct,True
861,accounts/fireworks/models/llama-v3p1-405b-instruct,True
862,accounts/fireworks/models/llama-v3p1-405b-instruct,True
863,accounts/fireworks/models/llama-v3p1-405b-instruct,True
864,accounts/fireworks/models/llama-v3p1-405b-instruct,True
865,accounts/fireworks/models/llama-v3p1-405b-instruct,True
866,accounts/fireworks/models/llama-v3p1-405b-instruct,True
867,accounts/fireworks/models/llama-v3p1-405b-instruct,True
868,accounts/fireworks/models/llama-v3p1-405b-instruct,True
869,accounts/fireworks/models/llama-v3p1-405b-instruct,True
870,accounts/fireworks/models/llama-v3p1-405b-instruct,True
871,accounts/fireworks/models/llama-v3p1-405b-instruct,True
872,accounts/fireworks/models/llama-v3p1-405b-instruct,True
873,accounts/fireworks/models/llama-v3p1-405b-instruct,True
874,accounts/fireworks/models/llama-v3p1-405b-instruct,True
875,accounts/fireworks/models/llama-v3p1-405b-instruct,True
876,accounts/fireworks/models/llama-v3p1-405b-instruct,True
877,accounts/fireworks/models/llama-v3p1-405b-instruct,True
878,accounts/fireworks/models/llama-v3p1-405b-instruct,True
879,gpt-4o-2024-08-06,True
880,accounts/fireworks/models/llama-v3p1-405b-instruct,True
881,accounts/fireworks/models/llama-v3p1-405b-instruct,True
882,accounts/fireworks/models/llama-v3p1-405b-instruct,True
883,accounts/fireworks/models/llama-v3p1-405b-instruct,True
884,accounts/fireworks/models/llama-v3p1-405b-instruct,True
885,accounts/fireworks/models/llama-v3p1-405b-instruct,True
886,gpt-4o-2024-08-06,True
887,accounts/fireworks/models/llama-v3p1-405b-instruct,True
888,accounts/fireworks/models/llama-v3p1-405b-instruct,True
889,accounts/fireworks/models/llama-v3p1-405b-instruct,True
890,accounts/fireworks/models/llama-v3p1-405b-instruct,True
891,gpt-4o-2024-08-06,True
892,accounts/fireworks/models/llama-v3p1-405b-instruct,True
893,accounts/fireworks/models/llama-v3p1-405b-instruct,True
894,accounts/fireworks/models/llama-v3p1-405b-instruct,True
895,accounts/fireworks/models/llama-v3p1-405b-instruct,True
896,accounts/fireworks/models/llama-v3p1-405b-instruct,True
897,accounts/fireworks/models/llama-v3p1-405b-instruct,True
898,accounts/fireworks/models/llama-v3p1-405b-instruct,True
899,accounts/fireworks/models/llama-v3p1-405b-instruct,True
900,accounts/fireworks/models/llama-v3p1-405b-instruct,True
901,gpt-4o-2024-08-06,True
902,accounts/fireworks/models/llama-v3p1-405b-instruct,True
903,accounts/fireworks/models/llama-v3p1-405b-instruct,True
904,accounts/fireworks/models/llama-v3p1-405b-instruct,True
905,accounts/fireworks/models/llama-v3p1-405b-instruct,True
906,accounts/fireworks/models/llama-v3p1-405b-instruct,True
907,accounts/fireworks/models/llama-v3p1-405b-instruct,True
908,gpt-4o-2024-08-06,True
909,accounts/fireworks/models/llama-v3p1-405b-instruct,True
910,accounts/fireworks/models/llama-v3p1-405b-instruct,True
911,gpt-4o-2024-08-06,True
912,accounts/fireworks/models/llama-v3p1-405b-instruct,True
913,accounts/fireworks/models/llama-v3p1-405b-instruct,True
914,accounts/fireworks/models/llama-v3p1-405b-instruct,True
915,accounts/fireworks/models/llama-v3p1-405b-instruct,True
916,accounts/fireworks/models/llama-v3p1-405b-instruct,True
917,accounts/fireworks/models/llama-v3p1-405b-instruct,True
918,gpt-4o-2024-08-06,True
919,accounts/fireworks/models/llama-v3p1-405b-instruct,True
920,accounts/fireworks/models/llama-v3p1-405b-instruct,True
921,accounts/fireworks/models/llama-v3p1-405b-instruct,True
922,accounts/fireworks/models/llama-v3p1-405b-instruct,True
923,accounts/fireworks/models/llama-v3p1-405b-instruct,True
924,accounts/fireworks/models/llama-v3p1-405b-instruct,True
925,accounts/fireworks/models/llama-v3p1-405b-instruct,True
926,accounts/fireworks/models/llama-v3p1-405b-instruct,True
927,accounts/fireworks/models/llama-v3p1-405b-instruct,True
928,accounts/fireworks/models/llama-v3p1-405b-instruct,True
929,accounts/fireworks/models/llama-v3p1-405b-instruct,True
930,accounts/fireworks/models/llama-v3p1-405b-instruct,True
931,accounts/fireworks/models/llama-v3p1-405b-instruct,True
932,accounts/fireworks/models/llama-v3p1-405b-instruct,True
933,accounts/fireworks/models/llama-v3p1-405b-instruct,True
934,accounts/fireworks/models/llama-v3p1-405b-instruct,True
935,accounts/fireworks/models/llama-v3p1-405b-instruct,True
936,gpt-4o-2024-08-06,True
937,accounts/fireworks/models/llama-v3p1-405b-instruct,True
938,accounts/fireworks/models/llama-v3p1-405b-instruct,True
939,accounts/fireworks/models/llama-v3p1-405b-instruct,True
940,accounts/fireworks/models/llama-v3p1-405b-instruct,True
941,accounts/fireworks/models/llama-v3p1-405b-instruct,True
942,accounts/fireworks/models/llama-v3p1-405b-instruct,True
943,accounts/fireworks/models/llama-v3p1-405b-instruct,True
944,accounts/fireworks/models/llama-v3p1-405b-instruct,True
945,gpt-4o-2024-08-06,True
946,accounts/fireworks/models/llama-v3p1-405b-instruct,True
947,accounts/fireworks/models/llama-v3p1-405b-instruct,True
948,accounts/fireworks/models/llama-v3p1-405b-instruct,True
949,accounts/fireworks/models/llama-v3p1-405b-instruct,True
950,accounts/fireworks/models/llama-v3p1-405b-instruct,True
951,accounts/fireworks/models/llama-v3p1-405b-instruct,True
952,accounts/fireworks/models/llama-v3p1-405b-instruct,True
953,accounts/fireworks/models/llama-v3p1-405b-instruct,True
954,accounts/fireworks/models/llama-v3p1-405b-instruct,True
955,accounts/fireworks/models/llama-v3p1-405b-instruct,True
956,accounts/fireworks/models/llama-v3p1-405b-instruct,True
957,gpt-4o-2024-08-06,True
958,accounts/fireworks/models/llama-v3p1-405b-instruct,True
959,accounts/fireworks/models/llama-v3p1-405b-instruct,True
960,accounts/fireworks/models/llama-v3p1-405b-instruct,True
961,gpt-4o-2024-08-06,True
962,gpt-4o-2024-08-06,True
963,accounts/fireworks/models/llama-v3p1-405b-instruct,True
964,accounts/fireworks/models/llama-v3p1-405b-instruct,True
965,accounts/fireworks/models/llama-v3p1-405b-instruct,True
966,accounts/fireworks/models/llama-v3p1-405b-instruct,True
967,accounts/fireworks/models/llama-v3p1-405b-instruct,True
968,accounts/fireworks/models/llama-v3p1-405b-instruct,True
969,gpt-4o-2024-08-06,True
970,accounts/fireworks/models/llama-v3p1-405b-instruct,True
971,accounts/fireworks/models/llama-v3p1-405b-instruct,True
972,gpt-4o-2024-08-06,True
973,accounts/fireworks/models/llama-v3p1-405b-instruct,True
974,accounts/fireworks/models/llama-v3p1-405b-instruct,True
975,accounts/fireworks/models/llama-v3p1-405b-instruct,True
976,gpt-4o-2024-08-06,True
977,accounts/fireworks/models/llama-v3p1-405b-instruct,True
978,accounts/fireworks/models/llama-v3p1-405b-instruct,True
979,accounts/fireworks/models/llama-v3p1-405b-instruct,True
980,gpt-4o-2024-08-06,True
981,accounts/fireworks/models/llama-v3p1-405b-instruct,True
982,accounts/fireworks/models/llama-v3p1-405b-instruct,True
983,accounts/fireworks/models/llama-v3p1-405b-instruct,True
984,accounts/fireworks/models/llama-v3p1-405b-instruct,True
985,accounts/fireworks/models/llama-v3p1-405b-instruct,True
986,accounts/fireworks/models/llama-v3p1-405b-instruct,True
987,accounts/fireworks/models/llama-v3p1-405b-instruct,True
988,accounts/fireworks/models/llama-v3p1-405b-instruct,True
989,accounts/fireworks/models/llama-v3p1-405b-instruct,True
990,accounts/fireworks/models/llama-v3p1-405b-instruct,True
991,accounts/fireworks/models/llama-v3p1-405b-instruct,True
992,accounts/fireworks/models/llama-v3p1-405b-instruct,True
993,accounts/fireworks/models/llama-v3p1-405b-instruct,True
994,accounts/fireworks/models/llama-v3p1-405b-instruct,True
995,accounts/fireworks/models/llama-v3p1-405b-instruct,True
996,accounts/fireworks/models/llama-v3p1-405b-instruct,True
997,accounts/fireworks/models/llama-v3p1-405b-instruct,True
998,accounts/fireworks/models/llama-v3p1-405b-instruct,True
999,accounts/fireworks/models/llama-v3p1-405b-instruct,True
1000,accounts/fireworks/models/llama-v3p1-405b-instruct,True
1001,accounts/fireworks/models/llama-v3p1-405b-instruct,True
1002,accounts/fireworks/models/llama-v3p1-405b-instruct,True
1003,accounts/fireworks/models/llama-v3p1-405b-instruct,True
1004,accounts/fireworks/models/llama-v3p1-405b-instruct,True
1005,accounts/fireworks/models/llama-v3p1-405b-instruct,True
1006,accounts/fireworks/models/llama-v3p1-405b-instruct,True
1007,accounts/fireworks/models/llama-v3p1-405b-instruct,True
1008,accounts/fireworks/models/llama-v3p1-405b-instruct,True
1009,accounts/fireworks/models/llama-v3p1-405b-instruct,True
1010,gpt-4o-2024-08-06,True
1011,accounts/fireworks/models/llama-v3p1-405b-instruct,True
1012,accounts/fireworks/models/llama-v3p1-405b-instruct,True
1013,accounts/fireworks/models/llama-v3p1-405b-instruct,True
1014,gpt-4o-2024-08-06,True
1015,accounts/fireworks/models/llama-v3p1-405b-instruct,True
1016,accounts/fireworks/models/llama-v3p1-405b-instruct,True
1017,accounts/fireworks/models/llama-v3p1-405b-instruct,True
1018,accounts/fireworks/models/llama-v3p1-405b-instruct,True
1019,accounts/fireworks/models/llama-v3p1-405b-instruct,True
1020,accounts/fireworks/models/llama-v3p1-405b-instruct,True
1021,accounts/fireworks/models/llama-v3p1-405b-instruct,True
1022,accounts/fireworks/models/llama-v3p1-405b-instruct,True
1023,accounts/fireworks/models/llama-v3p1-405b-instruct,True
1024,accounts/fireworks/models/llama-v3p1-405b-instruct,True
1025,accounts/fireworks/models/llama-v3p1-405b-instruct,True
1026,accounts/fireworks/models/llama-v3p1-405b-instruct,True
1027,accounts/fireworks/models/llama-v3p1-405b-instruct,True
1028,accounts/fireworks/models/llama-v3p1-405b-instruct,True
1029,accounts/fireworks/models/llama-v3p1-405b-instruct,True
1030,accounts/fireworks/models/llama-v3p1-405b-instruct,True
1031,accounts/fireworks/models/llama-v3p1-405b-instruct,True
1032,accounts/fireworks/models/llama-v3p1-405b-instruct,True
1033,accounts/fireworks/models/llama-v3p1-405b-instruct,True
1034,accounts/fireworks/models/llama-v3p1-405b-instruct,True
1035,accounts/fireworks/models/llama-v3p1-405b-instruct,True
1036,accounts/fireworks/models/llama-v3p1-405b-instruct,True
1037,accounts/fireworks/models/llama-v3p1-405b-instruct,True
1038,accounts/fireworks/models/llama-v3p1-405b-instruct,True
1039,accounts/fireworks/models/llama-v3p1-405b-instruct,True
1040,accounts/fireworks/models/llama-v3p1-405b-instruct,True
1041,accounts/fireworks/models/llama-v3p1-405b-instruct,True
1042,accounts/fireworks/models/llama-v3p1-405b-instruct,True
1043,accounts/fireworks/models/llama-v3p1-405b-instruct,True
1044,accounts/fireworks/models/llama-v3p1-405b-instruct,True
1045,accounts/fireworks/models/llama-v3p1-405b-instruct,True
1046,accounts/fireworks/models/llama-v3p1-405b-instruct,True
1047,accounts/fireworks/models/llama-v3p1-405b-instruct,True
1048,accounts/fireworks/models/llama-v3p1-405b-instruct,True
1049,accounts/fireworks/models/llama-v3p1-405b-instruct,True
1050,accounts/fireworks/models/llama-v3p1-405b-instruct,True
1051,accounts/fireworks/models/llama-v3p1-405b-instruct,True
1052,accounts/fireworks/models/llama-v3p1-405b-instruct,True
1053,accounts/fireworks/models/llama-v3p1-405b-instruct,True
1054,accounts/fireworks/models/llama-v3p1-405b-instruct,True
1055,accounts/fireworks/models/llama-v3p1-405b-instruct,True
1056,accounts/fireworks/models/llama-v3p1-405b-instruct,True
1057,accounts/fireworks/models/llama-v3p1-405b-instruct,True
1058,accounts/fireworks/models/llama-v3p1-405b-instruct,True
1059,accounts/fireworks/models/llama-v3p1-405b-instruct,True
1060,accounts/fireworks/models/llama-v3p1-405b-instruct,True
1061,accounts/fireworks/models/llama-v3p1-405b-instruct,True
1062,accounts/fireworks/models/llama-v3p1-405b-instruct,True
1063,accounts/fireworks/models/llama-v3p1-405b-instruct,True
1064,accounts/fireworks/models/llama-v3p1-405b-instruct,True
1065,gpt-4o-2024-08-06,True
1066,accounts/fireworks/models/llama-v3p1-405b-instruct,True
1067,gpt-4o-2024-08-06,True
1068,accounts/fireworks/models/llama-v3p1-405b-instruct,True
1069,accounts/fireworks/models/llama-v3p1-405b-instruct,True
1070,accounts/fireworks/models/llama-v3p1-405b-instruct,True
1071,accounts/fireworks/models/llama-v3p1-405b-instruct,True
1072,accounts/fireworks/models/llama-v3p1-405b-instruct,True
1073,accounts/fireworks/models/llama-v3p1-405b-instruct,True
1074,accounts/fireworks/models/llama-v3p1-405b-instruct,True
1075,accounts/fireworks/models/llama-v3p1-405b-instruct,True
1076,accounts/fireworks/models/llama-v3p1-405b-instruct,True
1077,accounts/fireworks/models/llama-v3p1-405b-instruct,True
1078,accounts/fireworks/models/llama-v3p1-405b-instruct,True
1079,accounts/fireworks/models/llama-v3p1-405b-instruct,True
1080,accounts/fireworks/models/llama-v3p1-405b-instruct,True
1081,accounts/fireworks/models/llama-v3p1-405b-instruct,True
1082,accounts/fireworks/models/llama-v3p1-405b-instruct,True
1083,accounts/fireworks/models/llama-v3p1-405b-instruct,True
1084,accounts/fireworks/models/llama-v3p1-405b-instruct,True
1085,accounts/fireworks/models/llama-v3p1-405b-instruct,True
1086,accounts/fireworks/models/llama-v3p1-405b-instruct,True
1087,accounts/fireworks/models/llama-v3p1-405b-instruct,True
1088,gpt-4o-2024-08-06,True
1089,accounts/fireworks/models/llama-v3p1-405b-instruct,True
1090,accounts/fireworks/models/llama-v3p1-405b-instruct,True
1091,accounts/fireworks/models/llama-v3p1-405b-instruct,True
1092,accounts/fireworks/models/llama-v3p1-405b-instruct,True
1093,accounts/fireworks/models/llama-v3p1-405b-instruct,True
1094,accounts/fireworks/models/llama-v3p1-405b-instruct,True
1095,accounts/fireworks/models/llama-v3p1-405b-instruct,True
1096,accounts/fireworks/models/llama-v3p1-405b-instruct,True
1097,accounts/fireworks/models/llama-v3p1-405b-instruct,True
1098,gpt-4o-2024-08-06,True
1099,accounts/fireworks/models/llama-v3p1-405b-instruct,True
1100,accounts/fireworks/models/llama-v3p1-405b-instruct,True
1101,accounts/fireworks/models/llama-v3p1-405b-instruct,True
1102,accounts/fireworks/models/llama-v3p1-405b-instruct,True
1103,accounts/fireworks/models/llama-v3p1-405b-instruct,True
1104,accounts/fireworks/models/llama-v3p1-405b-instruct,True
1105,accounts/fireworks/models/llama-v3p1-405b-instruct,True
1106,accounts/fireworks/models/llama-v3p1-405b-instruct,True
1107,accounts/fireworks/models/llama-v3p1-405b-instruct,True
1108,accounts/fireworks/models/llama-v3p1-405b-instruct,True
1109,accounts/fireworks/models/llama-v3p1-405b-instruct,True
1110,accounts/fireworks/models/llama-v3p1-405b-instruct,True
1111,accounts/fireworks/models/llama-v3p1-405b-instruct,True
1112,accounts/fireworks/models/llama-v3p1-405b-instruct,True
1113,gpt-4o-2024-08-06,True
1114,accounts/fireworks/models/llama-v3p1-405b-instruct,True
1115,accounts/fireworks/models/llama-v3p1-405b-instruct,True
1116,accounts/fireworks/models/llama-v3p1-405b-instruct,True
1117,accounts/fireworks/models/llama-v3p1-405b-instruct,True
1118,accounts/fireworks/models/llama-v3p1-405b-instruct,True
1119,accounts/fireworks/models/llama-v3p1-405b-instruct,True
1120,gpt-4o-2024-08-06,True
1121,accounts/fireworks/models/llama-v3p1-405b-instruct,True
1122,accounts/fireworks/models/llama-v3p1-405b-instruct,True
1123,accounts/fireworks/models/llama-v3p1-405b-instruct,True
1124,gpt-4o-2024-08-06,True
1125,gpt-4o-2024-08-06,True
1126,accounts/fireworks/models/llama-v3p1-405b-instruct,True
1127,accounts/fireworks/models/llama-v3p1-405b-instruct,True
1128,accounts/fireworks/models/llama-v3p1-405b-instruct,True
1129,accounts/fireworks/models/llama-v3p1-405b-instruct,True
1130,accounts/fireworks/models/llama-v3p1-405b-instruct,True
1131,accounts/fireworks/models/llama-v3p1-405b-instruct,True
1132,accounts/fireworks/models/llama-v3p1-405b-instruct,True
1133,accounts/fireworks/models/llama-v3p1-405b-instruct,True
1134,accounts/fireworks/models/llama-v3p1-405b-instruct,True
1135,accounts/fireworks/models/llama-v3p1-405b-instruct,True
1136,accounts/fireworks/models/llama-v3p1-405b-instruct,True
1137,accounts/fireworks/models/llama-v3p1-405b-instruct,True
1138,accounts/fireworks/models/llama-v3p1-405b-instruct,True
1139,accounts/fireworks/models/llama-v3p1-405b-instruct,True
1140,accounts/fireworks/models/llama-v3p1-405b-instruct,True
1141,gpt-4o-2024-08-06,True
1142,accounts/fireworks/models/llama-v3p1-405b-instruct,True
1143,accounts/fireworks/models/llama-v3p1-405b-instruct,True
1144,accounts/fireworks/models/llama-v3p1-405b-instruct,True
1145,gpt-4o-2024-08-06,True
1146,accounts/fireworks/models/llama-v3p1-405b-instruct,True
1147,accounts/fireworks/models/llama-v3p1-405b-instruct,True
1148,accounts/fireworks/models/llama-v3p1-405b-instruct,True
1149,accounts/fireworks/models/llama-v3p1-405b-instruct,True
1150,gpt-4o-2024-08-06,True
1151,accounts/fireworks/models/llama-v3p1-405b-instruct,True
1152,accounts/fireworks/models/llama-v3p1-405b-instruct,True
1153,accounts/fireworks/models/llama-v3p1-405b-instruct,True
1154,accounts/fireworks/models/llama-v3p1-405b-instruct,True
1155,accounts/fireworks/models/llama-v3p1-405b-instruct,True
1156,accounts/fireworks/models/llama-v3p1-405b-instruct,True
1157,accounts/fireworks/models/llama-v3p1-405b-instruct,True
1158,accounts/fireworks/models/llama-v3p1-405b-instruct,True
1159,accounts/fireworks/models/llama-v3p1-405b-instruct,True
1160,accounts/fireworks/models/llama-v3p1-405b-instruct,True
1161,accounts/fireworks/models/llama-v3p1-405b-instruct,True
1162,gpt-4o-2024-08-06,True
1163,accounts/fireworks/models/llama-v3p1-405b-instruct,True
1164,accounts/fireworks/models/llama-v3p1-405b-instruct,True
1165,accounts/fireworks/models/llama-v3p1-405b-instruct,True
1166,accounts/fireworks/models/llama-v3p1-405b-instruct,True
1167,accounts/fireworks/models/llama-v3p1-405b-instruct,True
1168,accounts/fireworks/models/llama-v3p1-405b-instruct,True
1169,accounts/fireworks/models/llama-v3p1-405b-instruct,True
1170,accounts/fireworks/models/llama-v3p1-405b-instruct,True
1171,accounts/fireworks/models/llama-v3p1-405b-instruct,True
1172,accounts/fireworks/models/llama-v3p1-405b-instruct,True
1173,accounts/fireworks/models/llama-v3p1-405b-instruct,True
1174,accounts/fireworks/models/llama-v3p1-405b-instruct,True
1175,accounts/fireworks/models/llama-v3p1-405b-instruct,True
1176,accounts/fireworks/models/llama-v3p1-405b-instruct,True
1177,accounts/fireworks/models/llama-v3p1-405b-instruct,True
1178,accounts/fireworks/models/llama-v3p1-405b-instruct,True
1179,accounts/fireworks/models/llama-v3p1-405b-instruct,True
1180,accounts/fireworks/models/llama-v3p1-405b-instruct,True
1181,gpt-4o-2024-08-06,True
1182,accounts/fireworks/models/llama-v3p1-405b-instruct,True
1183,accounts/fireworks/models/llama-v3p1-405b-instruct,True
1184,accounts/fireworks/models/llama-v3p1-405b-instruct,True
1185,accounts/fireworks/models/llama-v3p1-405b-instruct,True
1186,accounts/fireworks/models/llama-v3p1-405b-instruct,True
1187,accounts/fireworks/models/llama-v3p1-405b-instruct,True
1188,accounts/fireworks/models/llama-v3p1-405b-instruct,True
1189,accounts/fireworks/models/llama-v3p1-405b-instruct,True
1190,accounts/fireworks/models/llama-v3p1-405b-instruct,True
1191,accounts/fireworks/models/llama-v3p1-405b-instruct,True
1192,accounts/fireworks/models/llama-v3p1-405b-instruct,True
1193,accounts/fireworks/models/llama-v3p1-405b-instruct,True
1194,accounts/fireworks/models/llama-v3p1-405b-instruct,True
1195,accounts/fireworks/models/llama-v3p1-405b-instruct,True
1196,gpt-4o-2024-08-06,True
1197,accounts/fireworks/models/llama-v3p1-405b-instruct,True
1198,accounts/fireworks/models/llama-v3p1-405b-instruct,True
1199,accounts/fireworks/models/llama-v3p1-405b-instruct,True
1200,accounts/fireworks/models/llama-v3p1-405b-instruct,True
1201,accounts/fireworks/models/llama-v3p1-405b-instruct,True
1202,accounts/fireworks/models/llama-v3p1-405b-instruct,True
1203,accounts/fireworks/models/llama-v3p1-405b-instruct,True
1204,gpt-4o-2024-08-06,True
1205,accounts/fireworks/models/llama-v3p1-405b-instruct,True
1206,accounts/fireworks/models/llama-v3p1-405b-instruct,True
1207,accounts/fireworks/models/llama-v3p1-405b-instruct,True
1208,accounts/fireworks/models/llama-v3p1-405b-instruct,True
1209,accounts/fireworks/models/llama-v3p1-405b-instruct,True
1210,accounts/fireworks/models/llama-v3p1-405b-instruct,True
1211,accounts/fireworks/models/llama-v3p1-405b-instruct,True
1212,accounts/fireworks/models/llama-v3p1-405b-instruct,True
1213,accounts/fireworks/models/llama-v3p1-405b-instruct,True
1214,accounts/fireworks/models/llama-v3p1-405b-instruct,True
1215,accounts/fireworks/models/llama-v3p1-405b-instruct,True
1216,accounts/fireworks/models/llama-v3p1-405b-instruct,True
1217,accounts/fireworks/models/llama-v3p1-405b-instruct,True
1218,accounts/fireworks/models/llama-v3p1-405b-instruct,True
1219,accounts/fireworks/models/llama-v3p1-405b-instruct,True
1220,accounts/fireworks/models/llama-v3p1-405b-instruct,True
1221,accounts/fireworks/models/llama-v3p1-405b-instruct,True
1222,accounts/fireworks/models/llama-v3p1-405b-instruct,True
1223,accounts/fireworks/models/llama-v3p1-405b-instruct,True
1224,accounts/fireworks/models/llama-v3p1-405b-instruct,True
1225,accounts/fireworks/models/llama-v3p1-405b-instruct,True
1226,accounts/fireworks/models/llama-v3p1-405b-instruct,True
1227,accounts/fireworks/models/llama-v3p1-405b-instruct,True
1228,accounts/fireworks/models/llama-v3p1-405b-instruct,True
1229,gpt-4o-2024-08-06,True
1230,accounts/fireworks/models/llama-v3p1-405b-instruct,True
1231,accounts/fireworks/models/llama-v3p1-405b-instruct,True
1232,accounts/fireworks/models/llama-v3p1-405b-instruct,True
1233,accounts/fireworks/models/llama-v3p1-405b-instruct,True
1234,gpt-4o-2024-08-06,True
1235,accounts/fireworks/models/llama-v3p1-405b-instruct,True
1236,accounts/fireworks/models/llama-v3p1-405b-instruct,True
1237,accounts/fireworks/models/llama-v3p1-405b-instruct,True
1238,accounts/fireworks/models/llama-v3p1-405b-instruct,True
1239,accounts/fireworks/models/llama-v3p1-405b-instruct,True
1240,accounts/fireworks/models/llama-v3p1-405b-instruct,True
1241,gpt-4o-2024-08-06,True
1242,gpt-4o-2024-08-06,True
1243,accounts/fireworks/models/llama-v3p1-405b-instruct,True
1244,accounts/fireworks/models/llama-v3p1-405b-instruct,True
1245,accounts/fireworks/models/llama-v3p1-405b-instruct,True
1246,gpt-4o-2024-08-06,True
1247,accounts/fireworks/models/llama-v3p1-405b-instruct,True
1248,accounts/fireworks/models/llama-v3p1-405b-instruct,True
1249,gpt-4o-2024-08-06,True
1250,gpt-4o-2024-08-06,True
1251,accounts/fireworks/models/llama-v3p1-405b-instruct,True
1252,accounts/fireworks/models/llama-v3p1-405b-instruct,True
1253,accounts/fireworks/models/llama-v3p1-405b-instruct,True
1254,gpt-4o-2024-08-06,True
1255,accounts/fireworks/models/llama-v3p1-405b-instruct,True
1256,gpt-4o-2024-08-06,True
1257,accounts/fireworks/models/llama-v3p1-405b-instruct,True
1258,accounts/fireworks/models/llama-v3p1-405b-instruct,True
1259,accounts/fireworks/models/llama-v3p1-405b-instruct,True
1260,accounts/fireworks/models/llama-v3p1-405b-instruct,True
1261,accounts/fireworks/models/llama-v3p1-405b-instruct,True
1262,accounts/fireworks/models/llama-v3p1-405b-instruct,True
1263,accounts/fireworks/models/llama-v3p1-405b-instruct,True
1264,accounts/fireworks/models/llama-v3p1-405b-instruct,True
1265,accounts/fireworks/models/llama-v3p1-405b-instruct,True
1266,accounts/fireworks/models/llama-v3p1-405b-instruct,True
1267,accounts/fireworks/models/llama-v3p1-405b-instruct,True
1268,accounts/fireworks/models/llama-v3p1-405b-instruct,True
1269,accounts/fireworks/models/llama-v3p1-405b-instruct,True
1270,accounts/fireworks/models/llama-v3p1-405b-instruct,True
1271,accounts/fireworks/models/llama-v3p1-405b-instruct,True
1272,accounts/fireworks/models/llama-v3p1-405b-instruct,True
